{"client_meta":{"background_color":{"r":0.11764705926179886,"g":0.11764705926179886,"b":0.11764705926179886,"a":1},"thumbnail_size":{"width":283,"height":400},"render_coordinates":{"x":-73,"y":-106,"width":595,"height":842}},"file_name":"Pathfinding-Poster","developer_related_links":[]}